<!--
    Title: books.xml
    Author: Conner Shockley
    Date: 5/2/2021
    Description: What-A-Book books data.
-->

 <!-- Books data. -->
 <books>
    <!-- The Hobbit. -->
    <book>
        <isbn>9780618968633</isbn>
        <title>The Hobbit or There and Back Again</title>
        <description>N/A</description>
        <pages>287</pages>
        <authors>J.R.R. Tolkien</authors>
    </book>
    <!-- The Fellowship. -->
    <book>
        <isbn>9780345339706</isbn>
        <title>The Fellowship of the Ring</title>
        <description>Being the first part of the Lord of the Rings</description>
        <pages>416</pages>
        <authors>J.R.R. Tolkien</authors>
    </book>
    <!-- The Towers. -->
    <book>
        <isbn>9780345339713</isbn>
        <title>The Two Towers</title>
        <description>Being the second part of the Lord of the Rings</description>
        <pages>442</pages>
        <authors>J.R.R. Tolkien</authors>
    </book>
    <!-- The Return. -->
    <book>
        <isbn>9780345339706</isbn>
        <title>The Return of the King</title>
        <description>Being the third part of the Lord of the Rings</description>
        <pages>556</pages>
        <authors>J.R.R. Tolkien</authors>
    </book>
    <!-- Dune. -->
    <book>
        <isbn>9781419731501</isbn>
        <title>Dune: Deluxe Edition</title>
        <description>N/A</description>
        <pages>688</pages>
        <authors>Frank Herbert</authors>
    </book>
    <!-- The Catcher. -->
    <book>
        <isbn>9781419731501</isbn>
        <title>The Catcher and the Rye</title>
        <description>N/A</description>
        <pages>277</pages>
        <authors>J.D. Salinger</authors>
    </book>
</books>
